1111111111111111111	【学习工作赛道】进化学园 · 自我进化式沉浸式学习时间管理器	https://forum.trae.cn/t/topic/51015
3个_Agenter	T.A.R.E.V.I.S.：TRAE Agent 的桌面级具身智能终端	https://forum.trae.cn/t/topic/112447
4682B4	【硬件交互赛道】“芳莲” —— 硬件交互演示 demo	https://forum.trae.cn/t/topic/71232
9岁小孩哥勇闯AI黑客松	【学习工作赛道】趣学桌游——AI驱动的小学知识点桌游生成器，9岁小孩哥勇闯AI黑客松，请大家支持一下	https://forum.trae.cn/t/topic/43155
AI发明家	【生活娱乐赛道】命运塑造者（Fateshaper）——用 TRAE 工作流打造的卡牌冒险游戏	https://forum.trae.cn/t/topic/167305
Andy飞狗	【社会服务+社会公益】拾忆家谱：把回忆录喂给 AI，它帮我长出了一棵家族树	https://forum.trae.cn/t/topic/167846
AppleJack	【生活娱乐】AI驱动宠物造景可视化平台-宠景AI造景	https://forum.trae.cn/t/topic/146254
CC3	【学习工作+古籍活化赛道】视频Agent软件 - 降低Ai视频制作门槛与Ai运用新范式思考	https://forum.trae.cn/t/topic/47593
DaNie1	【生活娱乐赛道】出逃指令——给你的周末一个随机出口😍（初赛版）	https://forum.trae.cn/t/topic/147520
Damond	【生活娱乐赛道】旷野飙车·像素世界 —— 3D像素动物竞速游戏	https://forum.trae.cn/t/topic/120077
Dlcr	【学习工作】Mophy3D - 面向3D打印的 AI 原生参数化 3D 建模设计工具	https://forum.trae.cn/t/topic/150401
DoubleSaaaaaa_0804	【生活娱乐】《机体编号丢失》—— 当玩家发现自己是AI	https://forum.trae.cn/t/topic/45168
DuBaDu	极意钢琴(Pianoesis)——钢琴音乐沉浸式播放演奏软件	https://forum.trae.cn/t/topic/50537
Echoclip	【生活娱乐赛道】Echoclip —— 面向全球 Dota 2 玩家的智能教练（初赛）	https://forum.trae.cn/t/topic/41634
Emmavibe	Aero scribe	https://forum.trae.cn/t/topic/72146
HancksLiu	【生活娱乐】gameDie-从不报点之人的福音	https://forum.trae.cn/t/topic/51097
Jack20260707	【生活娱乐赛道】《机闹工厂》—— 像素无人车间模拟器	https://forum.trae.cn/t/topic/150607
Jaguarliu	【学习工作赛道】问阶AskPath：答案可以很快,学会需要慢一点	https://forum.trae.cn/t/topic/66448
Jax0715	【学习工作赛道】全知视野 - 3秒生成全景情报看板，把信息过载变成一目了然	https://forum.trae.cn/t/topic/113843
JayKenug	【学习工作赛道】创建专属于你的Mac灵动岛，TRAE任务动态丝滑上岛、vibecoding任意内容上岛、TRAE Work Design一键创建专属于你的电子宠物上岛 - TRAE FLOW	https://forum.trae.cn/t/topic/68311
JerryHsu	社会服务·社会公益 | 无声有市：一部手机，让无声摊位也能开口接单	https://forum.trae.cn/t/topic/148166
Jrenc	【硬件交互赛道】词元开物IterxAI PCB 雕刻机 +硬件 AI IDE—— 一句话生成硬件 Demo	https://forum.trae.cn/t/topic/167286
Kaen	【社会服务赛道】小老板开店前风险扫描器：让普通人在签约前，先看见一笔生意会怎么亏	https://forum.trae.cn/t/topic/95917
Kali-Linux	【学习工作赛道】任务岛 — 提高你的工作效率	https://forum.trae.cn/t/topic/71386
Kamfai	【学习工作赛道】网络智能运维中台 —— 网络架构师的AI智能运维中台	https://forum.trae.cn/t/topic/67763
Kevin2026	【学习工作赛道】apkgo-cloud —— 用 TRAE 跑通一次完整商业闭环：从发现一个真实痛点，到赚到第一桶金	https://forum.trae.cn/t/topic/113146
KickTheDungeon	生活娱乐 踢爆地下城 DND战棋肉鸽游戏	https://forum.trae.cn/t/topic/95925
Meandro	【学习工作赛道】音乐学习/教育之友：AI乐谱大师	https://forum.trae.cn/t/topic/112253
Melody.Architect	【学习工作赛道】工位灯 —— 端侧智能体桌宠，你的职场记忆与沟通军师	https://forum.trae.cn/t/topic/70469
Nolan	【学习工作赛道】Awaken —— 为真实企业业务而生的本地桌面智能体	https://forum.trae.cn/t/topic/149989
OrionEthan	【生活娱乐赛道】云游四方——沉浸式文化旅游探索小程序	https://forum.trae.cn/t/topic/69579
Ren	【生活娱乐赛道】SmartHome AI：一个真正打通“人、车、家”的跨品牌智能生态	https://forum.trae.cn/t/topic/116213
RyanZane	【社会服务赛道】+ 安心桥 CareBridge	https://forum.trae.cn/t/topic/95485
Shaker	【硬件交互赛道】听到鸟 / HeardIt - 让普通有线耳机成为你的助听工具	https://forum.trae.cn/t/topic/112032
Supine	生活娱乐赛道 | TripFlow：把小红书种草，一键变成能导航的旅行行程	https://forum.trae.cn/t/topic/73165
Tulip	学习工作 | 地球探索者 - 地理教学平台	https://forum.trae.cn/t/topic/39813
WildHunt	【学习工作赛道】hardesk 合智台——人机混编组织的HR管理平台	https://forum.trae.cn/t/topic/150396
Wilson	互动式数学物理学习平台	https://forum.trae.cn/t/topic/164898
Word麻鸭	【生活娱乐赛道】年轮——从小疼你的人走了，你能说出他们的故事吗？——把家人的故事连成时间，让每一个普通人的记忆都被记住	https://forum.trae.cn/t/topic/75346
Yan	【硬件交互+社会公益】心桥：面向失语失能患者与照护者沟通的硬件系统	https://forum.trae.cn/t/topic/168306
Yegua	【生活娱乐】演策 · 3D罗盘起卦推演——当周易遇见AI，智囊助你找出脉门	https://forum.trae.cn/t/topic/96005
YunTengAI	【学习工作赛道】云藤YunTeng —— AI学习助手	https://forum.trae.cn/t/topic/39599
ZERO佐罗	【社会服务+社会公益】悦龄元气树——可视化守护老人健康的智能养老应用	https://forum.trae.cn/t/topic/165788
Zard	【学习工作赛道】3D 图形用品超市小票 — 把 GPU 装进购物袋	https://forum.trae.cn/t/topic/150233
Zenio	【学习工作赛道】AutoFDE—企业级智能体与AI数字员工自动化部署平台	https://forum.trae.cn/t/topic/166519
aah	〖社会服务赛道〗+「租小审」AI 租房风险审查助手：帮普通租客在签字前看懂合同、留好证据、少踩坑	https://forum.trae.cn/t/topic/48142
addicted-yt	【学习工作赛道】 云烯 Agent — 面向功能材料研发的“预测—仿真”全链路 AI Agent 平台	https://forum.trae.cn/t/topic/150211
anon20579261	【社会服务&社会公益】生命回声 — AI 生命故事记录与传承助手	https://forum.trae.cn/t/topic/152477
asandstar	【生活娱乐赛道】HomeMem Arena 记忆宅邸：失忆管家	https://forum.trae.cn/t/topic/151080
astrnox	【学习工作赛道】BioQuest：一个高一竞赛生用 TRAE 造的生物学习站，纯前端零服务器，AI 连 6 家大模型	https://forum.trae.cn/t/topic/48689
asuya	【社会服务】｜Kinora — 帮助家人更早注意到变化	https://forum.trae.cn/t/topic/74193
chai_na	【社会服务赛道】此刻校园 — 校园生活地图，让校园信息不再转瞬即逝	https://forum.trae.cn/t/topic/73800
coderkyriewen	【社会服务赛道】古籍焕新 —— AI 驱动的古籍交互阅读平台（四大功能全可体验）	https://forum.trae.cn/t/topic/43650
dddddmo	【生活娱乐赛道】hue• — 色环音乐收藏墙（可在线体验）	https://forum.trae.cn/t/topic/66216
driftee	【学习工作赛道】BLOC——AI native block工作台	https://forum.trae.cn/t/topic/73993
fxbin	【学习工作赛道】知径 Knowledge Path · 主题知识精炼器（初赛 Demo）	https://forum.trae.cn/t/topic/113709
hangryfoolish	【学习工作赛道】Ramifly - 任何问题 高效学习！告别线性问答，Ramifly 把 AI 对话长成一棵理解之树	https://forum.trae.cn/t/topic/67243
humanfireworks	【学习工作】OmniMath Pro —— VSCode 风格的全能 AI 数学工作台	https://forum.trae.cn/t/topic/96074
kallenseadom	【社会服务赛道】此刻有解——校园即时互助与社团短时协作平台	https://forum.trae.cn/t/topic/150684
kvoogvb	【生活娱乐赛道】《三角洲行动》AI改枪工具：镜头角速度统一表征不同武器的后坐力，并提供可视化	https://forum.trae.cn/t/topic/73507
lance	【社会服务｜社会公益】《你好，大朋友》—— 一份带着温度的“父母生活说明书”	https://forum.trae.cn/t/topic/112661
luguo124	【学习工作赛道】li Mirror 一款将Android屏幕共享到Mac的原生应用程序	https://forum.trae.cn/t/topic/27602
oyjf518	【生活娱乐赛道】一隅——AI 把你的心情，写成一张专属色彩诗签-初赛demo	https://forum.trae.cn/t/topic/45867
popopopo	【学习工作赛道】Code:Pop 代码波普 — 让代码，真正活着。-DEMO	https://forum.trae.cn/t/topic/167460
sunsunmonkey	【生活娱乐赛道】 词灵世界 · Word Brawl 游戏 —— 用一句话，创造角色，同时建构虚幻世界	https://forum.trae.cn/t/topic/48084
u1008678101854163	【生活娱乐】（可体验）墨小滴文案——朋友圈文案推荐小程序	https://forum.trae.cn/t/topic/47213
u103803957293961	【学习工作 · 社会公益（古籍活化）】镜中史：我把《史记》做成了一面会追问、会陪读、会发光的 AI 铜镜	https://forum.trae.cn/t/topic/66416
u1043862635947072	【社会服务赛道】药管家：从“家里有什么药”到“现在能不能一起用”	https://forum.trae.cn/t/topic/150125
u1096636707111584	【学习工作赛道】没背单词还想玩三消？｜词块坠落	https://forum.trae.cn/t/topic/51144
u1141754565762220	【生活娱乐赛道】铝搭 —— 铝型材家具DIY的3D小程序	https://forum.trae.cn/t/topic/96038
u1162660047238275	【学习工作赛道】【有体验链接】灵绘AIGC · DeepAIGC —— 拖拽即得的 AI 创作流水线	https://forum.trae.cn/t/topic/112766
u1237377394420352	【生活娱乐赛道】动醒——一款基于 AI 动作识别的智能闹钟APP	https://forum.trae.cn/t/topic/113715
u1259367386587977	【生活娱乐赛道】童伴 - 基于地理位置的儿童玩伴社交 App	https://forum.trae.cn/t/topic/148087
u1264907228822170	【生活娱乐赛道】梦迹 DreamTrace — AI 梦境日记与现实关联分析 App	https://forum.trae.cn/t/topic/95423
u1329747387754268	【学习工作赛道】职途 AI：基于 AI 智能体的求职辅助 Web 系统	https://forum.trae.cn/t/topic/47000
u1338571661516009	双向手语翻译系统	https://forum.trae.cn/t/topic/115454
u1395710740669700	【娱乐生活】海友Isle 链接每一座孤岛|留学生社交互助产品	https://forum.trae.cn/t/topic/76244
u1413297648704144	【生活娱乐赛道】像素退休模拟器——用一生的选择，赌一场提前自由	https://forum.trae.cn/t/topic/96560
u1475983611538048	【学习工作赛道】FocusFlow– 让每一分钟都有方向：时间管理APP	https://forum.trae.cn/t/topic/31748
u1493595036849116	# 【学习工作赛道】闪卡记忆 — 用 FSRS 算法 + 消除游戏把背单词做成上瘾的事	https://forum.trae.cn/t/topic/74012
u1523253864839289	【社会服务赛道】小鹦鹉 — 让 3 亿老人觉得「手机不欺负人」	https://forum.trae.cn/t/topic/167322
u1528765304807305	OpenLess：用 TRAE增强和完整完成现有的项目一个以语音为核心的产品GitHub2.6k star	https://forum.trae.cn/t/topic/69915
u1581566968740460	课游工坊 · 让每个老师都能5分钟做出课堂互动游戏	https://forum.trae.cn/t/topic/149024
u1616714918274100	【学习工作赛道】OmniSim Demo——具身物理与认知叙事双环驱动的高拟真人类社会模拟系统	https://forum.trae.cn/t/topic/26621
u1646439996065516	社会服务｜岁言（SuiYan）—— Family AI Operating System 家庭 AI 助手	https://forum.trae.cn/t/topic/74867
u1677190905465898	【学习工作赛道】FlowClass 智能互动课件制作平台	https://forum.trae.cn/t/topic/165401
u1712365325265755	【社会服务+社会公益赛道】星语伙伴 — 自闭症智能辅助训练APP	https://forum.trae.cn/t/topic/114059
u1716794031869146	【学习工作赛道】汉字奇遇 / Character Quest — 以汉字演变史与苏轼人文精神讲好中国故事。	https://forum.trae.cn/t/topic/166893
u1757470382097003	生活娱乐赛道 - 狗屎地图（Poop Map）	https://forum.trae.cn/t/topic/42907
u1769546753773424	【生活娱乐赛道】| 次元广场 —— 面向二次元线下消费的"发现与到场"	https://forum.trae.cn/t/topic/112864
u1782740125503340	面向南部县柑橘种植户的公益 AI 植保小工具 Demo，基于 TRAE 快速开发，提供拍照识别、防治建议、用药安全、季节性预警等功能。	https://forum.trae.cn/t/topic/71324
u1831150322727800	【学习工作赛道】峰学AI坊——人工智能仿真实验平台	https://forum.trae.cn/t/topic/148647
u1910280530432825	〖学习工作赛道〗MetaMath-Agent：把数学建模论文从“手搓流程”变成可编排的 AI 工作台	https://forum.trae.cn/t/topic/73828
u1941067712444515	【硬件交互赛道】时光厨伴 TimeChef Companion — 基于 Arduino 的智能电子沙漏烹饪计时器	https://forum.trae.cn/t/topic/132200
u1976247954184596	生活娱乐【赛博浮生2036：这一次，你一定赢！】	https://forum.trae.cn/t/topic/95114
u1976255713381751	【学习工作赛道】武林秘籍：让成绩修炼成仙	https://forum.trae.cn/t/topic/113577
u1986132004834020	【社会服务赛道】旧物新生 — 让每一件旧物都被看见、有价值	https://forum.trae.cn/t/topic/44899
u1993833686239136	Inspire Engine：面向KOC创作者的AI Agent生产平台	https://forum.trae.cn/t/topic/111559
u199437816967577	【生活娱乐赛道】哈吉米GO — 现实版宝可梦，连接你与身边的流浪猫	https://forum.trae.cn/t/topic/115851
u199445479695195	【生活娱乐赛道】星语穹庭Demo：一片由古老文明和当代心事共同书写的故事星空	https://forum.trae.cn/t/topic/167455
u2003783901262155	【生活娱乐赛道】Voul —— 经典灵魂投票局（初赛作品全套材料版）	https://forum.trae.cn/t/topic/75601
u2046604002992132	生活娱乐 | 术术动画 — 导演思维 AI 漫剧动画工作台-0基础用trae开发第一款软件	https://forum.trae.cn/t/topic/74285
u2047763427115483	学习工作赛道 + SayNext：把语言练习变成一部可以参与的连续剧	https://forum.trae.cn/t/topic/146337
u2074093555035796	【生活娱乐】LifeFlow：AI 生活 SOP 编排器 初赛	https://forum.trae.cn/t/topic/168198
u2081795051365804	【学子工作】 试剑工具助手 面向市场监管一线执法人员的微信小程序	https://forum.trae.cn/t/topic/49920
u2086237088789024	[学习工作]白魔方 · 电商带货视频AI量产平台,一行英文都看不懂，代码不懂，初中文化，用TRAE写出可商用的多用户系统。	https://forum.trae.cn/t/topic/75435
u2112624002365834	【学习工作赛道】非遗造物局（文创赛道）	https://forum.trae.cn/t/topic/168174
u2152177229643659	【学习工作赛道】新腾丰选题助手 - 帮视频博主解决"拍什么"的智能选题平台	https://forum.trae.cn/t/topic/113637
u2204949428043947	【学习工作】丹青有AI · 让AI做你的艺术助教-专为艺术教育场景设计的AI创作诊断系统	https://forum.trae.cn/t/topic/113463
u2223659832592867	【社会服务赛道】旅行家Pro · 多模态 AI 数字人导游与智慧运营平台	https://forum.trae.cn/t/topic/151443
u2240130696615977	【硬件交互赛道】光萝卜- 手捏演奏的创意乐器	https://forum.trae.cn/t/topic/166827
u2332518446269328	【生活娱乐赛道】筑·语 —— 你的空间，正在替你说什么？	https://forum.trae.cn/t/topic/52200
u2443580927654964	老爸的辫子课——专为宝爸宝妈打造的AI智能编辫子工具	https://forum.trae.cn/t/topic/74182
u2482051651478144	[生活娱乐] 无人机教练 DroneCoach —— 三端协同的 AI 飞行分析系统	https://forum.trae.cn/t/topic/146947
u2486413017224684	拍照识别故障、AI像老师傅一样带着你一步步排查，修完还能自动出工单——工业现场运维，一部手机就够了。	https://forum.trae.cn/t/topic/52557
u2591974417512615	【社会服务赛道】平价签证助理 VisaAssistant	https://forum.trae.cn/t/topic/147324
u2609570092687897	【社会服务赛道】在云间 - “云间有艺, 人间有你” 非遗推广传承流通与兴趣社交平台初赛Demo	https://forum.trae.cn/t/topic/96501
u2679939901699276	留光星球｜离世宠物的 AI 记忆生命体 Demo	https://forum.trae.cn/t/topic/166856
u2697525376597376	【生活服务赛道】运动场馆预订-小程序	https://forum.trae.cn/t/topic/72793
u2697530710177916	【生活娱乐赛道】指点app—家庭远程协助软件	https://forum.trae.cn/t/topic/162321
u2697532877056867	【生活娱乐赛道】 芽芽的魔法田园 — 亲子共玩·AI伴读的自然探索网站	https://forum.trae.cn/t/topic/167699
u2707443366496480	【生活娱乐 】闲卡宝 — 让闲置会员卡活起来	https://forum.trae.cn/t/topic/116249
u2719552854565611	【生活娱乐赛道】RightSong——你的声音，值得一首对的歌（歌找人）	https://forum.trae.cn/t/topic/39164
u2763540096094320	Nexa Lens 跨境电商直播分析系统	https://forum.trae.cn/t/topic/148851
u2785488416813379	心言电台 MindRadio · 把心事说给画听	https://forum.trae.cn/t/topic/96749
u2860264051712039	【社会服务赛道+社会公益】智读古籍——从一句"我要参赛"到能和孔子对话的AI古籍智慧伴侣（可在线体验）	https://forum.trae.cn/t/topic/32905
u2860297364702435	【生活娱乐赛道】有鱼AI-钓鱼人的智能小助手，帖子内功能已全部实现，想体验的可以安装安卓安装包（现在就支持杭州、上海、北京、深圳等城市，可以留言城市我加上去）	https://forum.trae.cn/t/topic/39758
u2900979890804186	【学习工作赛道】+萌宠加分宝，助力课堂！	https://forum.trae.cn/t/topic/165433
u2943817300844883	【标题】社会服务 | 别白跑 — 户籍材料 AI 预审助手	https://forum.trae.cn/t/topic/166282
u3041693925403875	【社会服务赛道】谛听-黑灰产分析系统	https://forum.trae.cn/t/topic/166642
u3066964407775705	【生活娱乐】方寸菜园-阳台种菜小本本	https://forum.trae.cn/t/topic/148742
u309409433785034	【生活育儿赛道】字帖生成器 · Trae创意大赛初赛 Demo	https://forum.trae.cn/t/topic/71664
u3129679674089964	【学习工作赛道】Brewery —— AI 驱动的想法酿造工坊	https://forum.trae.cn/t/topic/164921
u3190100950777863	【学习工作赛道】VisLab —— 面向科学实验的智能视觉分析平台	https://forum.trae.cn/t/topic/116194
u3190117948985530	【生活娱乐】文明刻度：把 180 张文明卡牌放回历史	https://forum.trae.cn/t/topic/167990
u3203341526515322	【学习工作赛道】+ OfferFlow — 求职全生命周期管理工具	https://forum.trae.cn/t/topic/147162
u3247326546895401-M	【生活娱乐赛道】「我」— 沉浸式生活管理空间	https://forum.trae.cn/t/topic/72133
u3264921577486288	【学习工作赛道】开源太空 - 卫星守望者（Openspace Satellite Watcher），太空航天垂直领域专业软件，验证TRAE在专业软件领域的能力	https://forum.trae.cn/t/topic/95777
u3273660441297066	【学习工作赛道】红楼梦地图 —— 《红楼梦》整本书阅读交互式学习网站	https://forum.trae.cn/t/topic/45433
u3295650140916649	【社会服务赛道】【社会公益赛道】喵迹守护--基于猫脸识别与位置观察的流浪猫救助协作平台	https://forum.trae.cn/t/topic/96016
u3300052071368056	【生活娱乐赛道】「晚上做啥吃」—— 菜厨厨，家庭主厨的做菜帮手	https://forum.trae.cn/t/topic/47493
u3314406581875850	在火车上目睹老人因不会使用纷杂的购票打车App而被数字化出行抛弃，于是我用TRAE开发了「乐龄出行」——一个整合火车、网约车、公交的微信小程序，让老人只需一句话就能完成全程出行规划，子女还能提前帮父母设置好常用地址，老人回家、就医、去车站点一下就能出发，用技术弥合银发族的数字鸿沟。	https://forum.trae.cn/t/topic/75914
u33435435925884	【社会服务、社会公益赛道】「非遗新韵 · 锦绣中华」——为非遗文化焕发新的光彩！	https://forum.trae.cn/t/topic/39844
u33450728625532	【社会服务赛道】 | 忆路相伴 — AI认知训练与记忆陪伴	https://forum.trae.cn/t/topic/47229
u344569910134624	MindIOU：认知欠条	https://forum.trae.cn/t/topic/167574
u3493620003126697	【学习工作赛道】假装上个班儿 —— 全行业模拟工作体验平台	https://forum.trae.cn/t/topic/150766
u350109971003434	【生活娱乐赛道】空气指挥家——零门槛体验实时音乐指挥乐趣	https://forum.trae.cn/t/topic/151322
u3520003649314604	【生活娱乐赛道】 +《时光公园的最后一天》—— LBS 实景解谜剧本杀	https://forum.trae.cn/t/topic/42387
u3555158734676443	【学习工作赛道】BrainUp - 科学认知训练 Android App	https://forum.trae.cn/t/topic/150338
u357775223820010	【生活娱乐】《书中妖精》-书中有妖精，书中真的有妖精！！！	https://forum.trae.cn/t/topic/151710
u3682690187673824	【生活娱乐赛道】恋人城市指南——为情侣生成专属约会计划	https://forum.trae.cn/t/topic/35558
u3739902908577396	【生活娱乐赛道】+ 芝麻判官	https://forum.trae.cn/t/topic/151552
u3788234538092256	【社会服务赛道 · 社会公益】山海经异兽园——让3岁孩子也能爱上古籍-初赛版	https://forum.trae.cn/t/topic/48397
u3889418047079251	【学习工作赛道】试讲十分钟：AI试讲生成与演练系统	https://forum.trae.cn/t/topic/97007
u3946574423267740	【学习工作赛道】PASSION——看见每一个学生，点燃每一份热爱	https://forum.trae.cn/t/topic/73895
u3946581485171003	【生活娱乐】VoiceMap 声纹地图——用细粒度声学数据画出你的声音地图，再用算法为你精细推荐	https://forum.trae.cn/t/topic/167462
u4065340753189176	【生活娱乐赛道】《残响》—— AI陪伴 x 运动健康的App，赛博运动版《恋与深空》	https://forum.trae.cn/t/topic/148621
u4104908695677184	【Janus】 “一段路，一段心意“	https://forum.trae.cn/t/topic/156670
u4122495050066970	【社会服务】 社会服务 + 云喵家园·流浪猫全生命周期智慧管理 & 云养互动平台	https://forum.trae.cn/t/topic/69749
u4179681984653804	【学习工作赛道】LightMind 学习平台	https://forum.trae.cn/t/topic/96290
u420493148563659	生活娱乐赛道 | 修仙割草 — 要做就做网游 10W行代码 跨端实时修仙 Survivor 对战游戏	https://forum.trae.cn/t/topic/74341
u4255536036980203	【学习工作赛道】坐姿小卫士——学生坐姿实时守护助手	https://forum.trae.cn/t/topic/148601
u432547287010320	【可在线体验】动动脖子 NeckFit · 轻量级头部互动游戏平台网站	https://forum.trae.cn/t/topic/39909
u4333610039268329	生活娱乐｜今日筹备室 · 新加坡周末微冒险	https://forum.trae.cn/t/topic/165280
u4338028663551536	桌面宠物式离线AI全域文件管家 V1.0	https://forum.trae.cn/t/topic/49152
u4390781791502473	【标题】 学习工作 | AI 信息中转工作台——让多个 AI 智能体在群聊里接力协作	https://forum.trae.cn/t/topic/96059
u4390817321465096	生活娱乐 + StoryDad 故事爸爸 — AI 睡前故事微信小程序	https://forum.trae.cn/t/topic/51995
u445727708837776	【社会服务/社会公益赛道】安伴——走夜路时的 AI 安全陪伴员（初赛版）	https://forum.trae.cn/t/topic/151289
u445729150087332	【社会服务赛道】声桥 VoiceBridge——让每一个声音都值得被听见	https://forum.trae.cn/t/topic/151205
u4466637571359961	社会服务赛道 · 布依词典｜让母语在指尖重生的数字文化馆	https://forum.trae.cn/t/topic/165717
u4501878000333610	【学习工作赛道】 智能仓库全流程作业模拟系统	https://forum.trae.cn/t/topic/74201
u45520699799547	学习工作+OpenClaw Law Agent — 税务合规智能体系统	https://forum.trae.cn/t/topic/70421
u476555669672928	【学习工作赛道】课文背后的故事	https://forum.trae.cn/t/topic/71719
u498504312037815	【社会服务赛道】自闭症双系统双向沟通翻译工具：把我的论文模型落地成可演示网页 Demo	https://forum.trae.cn/t/topic/32291
u533688881015891	【生活娱乐赛道】旅伴协商官：AI 多人旅行共识规划 Demo	https://forum.trae.cn/t/topic/150754
u564472155997755	【生活娱乐赛道】满电青年——大学生电动车一站式综合服务平台	https://forum.trae.cn/t/topic/74283
u608504271864727	【社会服务】MZSoft 界址点工具箱 —— 自然资源测绘人员的在线工具站	https://forum.trae.cn/t/topic/71378
u666731456757859	【社会服务赛道】 落卷：一款面向中老年人的 AI 回忆录 App	https://forum.trae.cn/t/topic/75505
u772323792665243	【社会服务赛道】手语知音 —— 让沉默被听见，让亲情无距离	https://forum.trae.cn/t/topic/47458
u779981783052136	【学习工作赛道】古诗小英雄 AI 闯关	https://forum.trae.cn/t/topic/75631
u784418109921372	学习工作 · TokenGate + 音乐盒 -AI 花你的钱之前先问过你，再给你唱首歌	https://forum.trae.cn/t/topic/150775
u80736650014152	【硬件交互】【社会公益-智慧助老】康诺cono-居家老人的健康账户	https://forum.trae.cn/t/topic/166936
u815163661618307	【社会服务】见木画木 · 东巴文交互世界 （叠加非遗创新开发公益赛题）	https://forum.trae.cn/t/topic/111439
u816295948611820	【社区公益 - 青少年身心健康】童劳童得 - AI 驱动的儿童成长激励平台2	https://forum.trae.cn/t/topic/167622
u845945561692855	【学习工作赛道】MedCosmos 医学宇宙——医学生专属沉浸式在线自习室	https://forum.trae.cn/t/topic/111980
u845984842923402	【生活娱乐赛道】Basketball GM Pro Demo — AI 驱动的篮球经理战术模拟游戏	https://forum.trae.cn/t/topic/73075
u860286281581616	【生活娱乐赛道】人间翻译官：一款中国式社交AI解谜产品 demo版	https://forum.trae.cn/t/topic/150573
u907525111164448	【学习工作赛道｜可在线体验】Cube × Math — 用线性代数思维理解魔方，零公式自主复原	https://forum.trae.cn/t/topic/148507
u942735352684800	铜排加工智能辅助系统	https://forum.trae.cn/t/topic/112761
u942762106566008	【硬件交互赛道】一点光 A Little Light — 跨越8000公里的语音光	https://forum.trae.cn/t/topic/165934
u955901703107064	【学习工作+社会公益赛道】不做清单	https://forum.trae.cn/t/topic/167518
u955905682708938	【硬件交互赛道 + 社会公益赛道】药按时 MedicalOnTime ——会提醒、会感知、会反馈的 AI 智能药盒	https://forum.trae.cn/t/topic/151741
u973482659170091	【社会服务赛道】ClaviPrint：AI 自动分割锁骨，生成 3D 打印模型	https://forum.trae.cn/t/topic/151389
vantastic	【社会服务-社会公益赛道】星芽 — 多端协同的 AI 社交训练系统，让每个星星的孩子都能练习社交	https://forum.trae.cn/t/topic/85570
xingsu_y	时光档案 —— 让记忆在影像中长存	https://forum.trae.cn/t/topic/112045
啊伟	【学习工作】 + MBTI日程管理大师 x Demo2.0	https://forum.trae.cn/t/topic/115281
阿呆	【生活娱乐赛道】罗的十字路口 · 人生模拟器 —— 用 AI 重新定义"选择类"游戏	https://forum.trae.cn/t/topic/69381
爱吃秘制螺蛳粉的空心菜	【生活娱乐】《王府疑云 · 夜明珠失窃案》HTML5 的沉浸式古风侦探推理网页游戏	https://forum.trae.cn/t/topic/39537
安心铃APP开发者	【社会服务赛道】安心铃：用一台“吃灰”的二手设备，守护一名独居老人	https://forum.trae.cn/t/topic/116290
傲辰霄	【生活娱乐赛道】主播的福音——强大的实时音频NodeAudio	https://forum.trae.cn/t/topic/151625
八娥夨	【生活娱乐赛道】灯塔——一个人用AI从代码到美术到推广，全程使用trae辅助跑通游戏开发全链路	https://forum.trae.cn/t/topic/151961
白无常	【生活娱乐】猫上有钱 — C2C撸宠撮合平台	https://forum.trae.cn/t/topic/150568
辫子编程	【生活娱乐】 探索个人开发者低成本做 3D 休闲游戏	https://forum.trae.cn/t/topic/94693
博士哥	【生活娱乐】玄览 · Arcana——东方玄学与西方神秘学结合，八字、紫薇和塔罗，助你万事顺意	https://forum.trae.cn/t/topic/66594
不会写的Wang	寻古迹 「足不出户，览尽天下」	https://forum.trae.cn/t/topic/49137
禅心哈蒙德	生活娱乐｜DormChef 宿厨——留学生一站式饮食助手，买完一次菜，备好一周饭（Demo已上线）	https://forum.trae.cn/t/topic/167457
超级峰	【生活娱乐赛道】成片相机——从 AI 写稿到拍完即成片的 iOS App	https://forum.trae.cn/t/topic/148174
陈哈哈	【学习工作+社会公益】 回响 ECHO——基于班级知识图谱的校园 AI 个性化教学闭环系统	https://forum.trae.cn/t/topic/148093
春风十里不如李	【社会服务赛道】康复小助理——脑梗中风出院后家庭康复执行系统	https://forum.trae.cn/t/topic/115388
大模型善后工程师-K叔	【硬件交互赛道】Kira(零)—基于 ESP32-S3 的桌面 AI 伙伴	https://forum.trae.cn/t/topic/167557
地上马	【学习工作赛道】探字星球——AI 把每个汉字变成一颗会讲故事的星球，让 3-6 岁孩子在星际探险中识字	https://forum.trae.cn/t/topic/67610
吊车尾de蓝色海	【学习工作赛道】 | SlideRule（计算尺）——一句话把业务意图推演成「能跑起来」的企业应用数字孪生	https://forum.trae.cn/t/topic/95481
鹅翅	爪印 —— 所有宠物 App 都在教你养宠，只有它在教你告别	https://forum.trae.cn/t/topic/113476
非典型建造师	【硬件交互赛道】手搓智能盖章机投入使用！	https://forum.trae.cn/t/topic/71178
肥肥3鸭鸭	【生活娱乐赛道】肥鸭战队社区官网 Demo —— 让《战术小队》华人玩家有一个归属地	https://forum.trae.cn/t/topic/43713
鸽迟	【学习工作赛道】一个活的有生命力的5000年中国史。	https://forum.trae.cn/t/topic/68453
观棋	【生活娱乐】此物有期——家庭物品到期收纳管理小程序（初赛贴）	https://forum.trae.cn/t/topic/147515?u=
滚雪球日记	【学习工作赛道】I+1 Quest —— 基于 I+1 语言学习理论的开放故事冒险英语学习游戏	https://forum.trae.cn/t/topic/40927
黑色柳丁	【生活娱乐赛道】FigureForge — 一键生成你的手办形象+3d模型！（已上线，所有功能均可使用！！欢迎大家来薅羊毛）	https://forum.trae.cn/t/topic/166413
鸿蒙开发者于柏杨	【生活娱乐赛道】有声有色 Web 版 —— 让记忆，听得出方位】	https://forum.trae.cn/t/topic/95844
胡岸	【学习工作】ShowFlow — 专业现场演出播放控台	https://forum.trae.cn/t/topic/67170
见字	【生活娱乐赛道】 画屏春 · AI 飞花令	https://forum.trae.cn/t/topic/67591
经方缘	【参赛帖】学习工作 | 中医古籍知识图谱 — 让普通人也能读懂千年中医智慧	https://forum.trae.cn/t/topic/152405
九弓子	DVStudio AI时代的素材全栈工作流软件	https://forum.trae.cn/t/topic/69344
开记做产品	【生活娱乐赛道】遇钓 | 让天下没有难钓的鱼	https://forum.trae.cn/t/topic/75661
看哈苏	【硬件交互】KHS智能补给规划——导入赛道轨迹，一键生成全程科学补给计划	https://forum.trae.cn/t/topic/31494
康复师Einsamer	社会服务 | 康复动态评估临床推理平台 Demo	https://forum.trae.cn/t/topic/151277
笠雨聆月	【生活娱乐赛道】 PoseMatch: AI 体感姿态匹配互动健身平台 初赛提交	https://forum.trae.cn/t/topic/97162
凉之逸	【学习工作赛道】Odyssey——让学习变得和文明扩展一样有趣	https://forum.trae.cn/t/topic/34236
临冬城城主	【学习工作赛道】 SurePlay HPS为人生实时导航	https://forum.trae.cn/t/topic/151691
林花谢了春红	（有网站可注册）【生活娱乐赛道】Agentschat --开源好玩的智能体社交平台	https://forum.trae.cn/t/topic/112771
灵犀书签-LinxyTab	【学习工作赛道】Linxy Tab 灵犀书签：把收藏夹升级成 AI 知识中枢（项目已上线）	https://forum.trae.cn/t/topic/75104
洛天	【学习工作+社会公益赛道】明阅	https://forum.trae.cn/t/topic/46451
米饭依旧小碗	【社会服务赛道】学途职引——AI 驱动的就业导向选课与简历规划工具	https://forum.trae.cn/t/topic/75304
茉卷	【学习工作赛道】【非遗附加题】+ TRAE Pets：会读懂智能体的桌宠 & 桌宠社区	https://forum.trae.cn/t/topic/36721
陌尘	【生活娱乐赛道】阿卡夏记录-无限故事引擎开启你的专属故事吧	https://forum.trae.cn/t/topic/50769
宁絮	【社会服务】Mirror — AI 亲密关系镜像与低冲突沟通系统 你们不是不爱了，只是再也听不懂彼此。	https://forum.trae.cn/t/topic/48423
泡菜坛子	【生活娱乐，社会公益】一针 (Stab It)-一款帮助用户外化情绪、延迟反思与重新认识负面情绪的 AI 情绪管理 App	https://forum.trae.cn/t/topic/97140
祈雨柒	【社会服务赛道】 Fish-Agent：水产品新鲜度智能评估系统	https://forum.trae.cn/t/topic/52833
青柠	【硬件交互】语芽Talkseed—填补儿童语言发育AI监测市场空白	https://forum.trae.cn/t/topic/112688
邱息	【生活娱乐赛道】胡桃木 — 属于二次元爱好者的清新交流社区	https://forum.trae.cn/t/topic/70321
如也同学	【生活娱乐赛道】域见Demo-让每一次"种草"都有迹可循，让每一次"拔草"都值得期待。	https://forum.trae.cn/t/topic/94801
山外人	【学习工作】《人类群星闪耀时》：记住那些走在人类文明前面的人	https://forum.trae.cn/t/topic/72813
史窥	随说：千界——ai版Galgame（旮旯给木）互动视觉小说（目前taptap可预约）	https://forum.trae.cn/t/topic/75789
世博	【学习工作赛道】稳过 — 大学生智能刷题平台	https://forum.trae.cn/t/topic/115338
桃花键神	【社会服务赛道】你，很老吗？（小程序，可线上体验）	https://forum.trae.cn/t/topic/112951
听风闻人语	【学习工作赛道】拾光舱 · 摄影师专属影像管家 Demo	https://forum.trae.cn/t/topic/95599
图游无忧	【生活娱乐赛道】图游无忧 — AI 地图式城市旅行规划助手（微信小程序）	https://forum.trae.cn/t/topic/149257
魏大家	【学习工作赛道】 + 脉点-一个市场营销人,用 TRAE 把脑子里的人脉工具做了出来	https://forum.trae.cn/t/topic/167627
雾生	【生活娱乐赛道】得嘞 - 音控手机app - 解放双手	https://forum.trae.cn/t/topic/167736
夕夕	【社会服务赛道】寻点 —— 公厕卫生治理与便民服务小程序	https://forum.trae.cn/t/topic/32152
小波	【生活娱乐赛道】Bead AI —— 全功能拼豆图案智能设计与社区平台	https://forum.trae.cn/t/topic/50714
小博同学	【学习工作】智愿 AI 报考：面向高考志愿填报场景的智能推荐与 SaaS 化交付平台	https://forum.trae.cn/t/topic/146526
小蜂猫	【学习工作 / 社会公益】穿越·兰台 —— 让你穿越过去亲身体验历史	https://forum.trae.cn/t/topic/44140
小黑猫er	【生活娱乐赛道】华夏时空——五千年文明，每寸土地都有故事	https://forum.trae.cn/t/topic/150555
小杰TechScope	【学习工作赛道】素材雷达ClipRadar - AI驱动的自媒体素材管理 Web 平台	https://forum.trae.cn/t/topic/148558
小雨	生活娱乐｜活字印局——活字排版大师在线接单	https://forum.trae.cn/t/topic/150151
小左OvO	【硬件交互+社会公益】步伴 Buban —— 这！是我们做的AI “硬&核”拐棍	https://forum.trae.cn/t/topic/112374
心满	【学习工作赛道】谷小婉 · 蛋中世界——随手 Ctrl+C，AI 就把你的一天，变成一片能逛、能玩、会长大的知识宇宙	https://forum.trae.cn/t/topic/115791
许	【学习工作赛道】GeoModel3D — 掌上地质三维建模系统-Demo	https://forum.trae.cn/t/topic/130739
羊毛羊毛	【生活娱乐赛道 】| 旅取向——一份只属于你的城市推荐,附行程规划	https://forum.trae.cn/t/topic/150718
野生开发者	【生活娱乐赛道】点评相机-照片美学点评Ai	https://forum.trae.cn/t/topic/73981
一点儿乌干菜	【生活娱乐＋社会公益】Carry theCosmos•上街去：软硬件共生的空间叙事产品|个人知识地图| 现实行动 Agent | Citywalk 产品 | 把散步作为方法	https://forum.trae.cn/t/topic/75158
一个大包子	【学习工作赛道】镜界写作 — AI 辅助长篇小说创作工作台	https://forum.trae.cn/t/topic/113885
一墨	游戏服务器管理 GameServer Panel	https://forum.trae.cn/t/topic/152099
一叶孤舟	【生活娱乐赛道】暗焰 — Gaslight	https://forum.trae.cn/t/topic/115868
异乡人	【标题】【社会服务赛道】诉明白 —— 小额诉讼全流程	https://forum.trae.cn/t/topic/112367
尹承元	【附加赛道 / 非遗创新开发】非遗复刻——城市非遗传习助手	https://forum.trae.cn/t/topic/96495
硬气一点	【学习工作赛道】ClipFlow（已开源）奶奶每天复制粘贴搞到崩溃，我没忍住，让TRAE帮做了个“一键投喂AI”的插件，全村人都来借电脑用	https://forum.trae.cn/t/topic/31753
用户1126	【生活娱乐赛道】星韵 - 粒子音乐可视化律动播放器	https://forum.trae.cn/t/topic/116536
用户14250	【生活服务赛道】智校通Demo——基于地图导航+多模态 AI 驱动校园智慧服务微信小程序	https://forum.trae.cn/t/topic/152004
用户15897	【硬件交互赛道】 一闪AIkey随身的AI离屏物理控制器	https://forum.trae.cn/t/topic/167674
用户18	【社会服务赛道】CareBridge：让每一代女性，无论处于哪个年龄阶段，在低资源环境里都能获得持续的健康照护	https://forum.trae.cn/t/topic/23654
用户24204	【生活娱乐】拍拍画Paipaihua-亲子涂鸦绘本创作与3D漫游世界	https://forum.trae.cn/t/topic/166785
用户26427	TONSOR aura非接触式人体状态感知系统	https://forum.trae.cn/t/topic/147833
用户29032	【学习工作赛道】物理模型创建——帮助学生直观感受物理大题中物体的运动轨迹	https://forum.trae.cn/t/topic/111619
用户29541	【学习工作赛道】光学硬件仿真实验室 — 零门槛在线光学实验平台	https://forum.trae.cn/t/topic/149529
用户30924	生活娱乐赛道-AI狼人杀网页游戏（PC和H5）	https://forum.trae.cn/t/topic/94977
用户31491	【生活娱乐赛道】像素风AI人生模拟器	https://forum.trae.cn/t/topic/148764
用户38159	「学习工作」轻诗阁——轻松学习，便捷分享，最棒的学习诗歌工具	https://forum.trae.cn/t/topic/164756
用户46708	（项目可以在线体验）【社会公益赛道】丝竹工坊——中国非遗竹编3D模拟与数字化传承平台	https://forum.trae.cn/t/topic/96322
用户47869	【社会服务赛道】AI懂我-心智障碍者动态支持档案	https://forum.trae.cn/t/topic/113988
用户48495	【生活娱乐赛道】小呆相册 PhotoVault	https://forum.trae.cn/t/topic/166058
用户53894	社会服务赛道 + 书邻——AI驱动的社区共享图书平台 可体验	https://forum.trae.cn/t/topic/151263
用户57882	【生活娱乐赛道】+个人基因组定制解密	https://forum.trae.cn/t/topic/146113
用户64239	【生活娱乐赛道】MaydayLand · 五月天·城市漫游：跟着歌词，发现城市里的五迷角落	https://forum.trae.cn/t/topic/75373
用户64277	【生活娱乐赛道】黑白，填充无聊碎片时间放松小游戏demo 1	https://forum.trae.cn/t/topic/32281
用户64377	【社会服务赛道】光语 —— 视障人士实时空间音频找物助手Demo	https://forum.trae.cn/t/topic/97500
用户64396	【生活娱乐赛道】匣中珠光 —— 螺钿非遗沉浸式互动叙事游戏	https://forum.trae.cn/t/topic/150097
用户64458	【生活娱乐赛道】Luna 女性亲密装备推荐助手 Demo	https://forum.trae.cn/t/topic/37876
用户64520	【标题】生活娱乐 | 兔佩洛 · AI 互动睡前故事App	https://forum.trae.cn/t/topic/43857
用户64719	体育场地智能布置助手——让体育老师3分钟画好一节课的场地	https://forum.trae.cn/t/topic/71139
用户65084	【学习工作赛道】我要当阅读小老师 —— 让小学生通过教 AI 学生读书	https://forum.trae.cn/t/topic/114374
用户65627	【学习工作赛道】衡舟，用企业级RAG技术，给你的私人关系建一座“信息库”（7.6更新）	https://forum.trae.cn/t/topic/73123
用户6615	【生活娱乐赛道】自定义跑步路线生成器	https://forum.trae.cn/t/topic/71894
宇航	【生活娱乐赛道】拾光·Echo Demo — 用实时语音对话记录长辈的人生故事	https://forum.trae.cn/t/topic/33079
早点	【生活娱乐赛道】物品价值Demo——为一件旧物生成它真正的价值卡	https://forum.trae.cn/t/topic/31600
造物匠人	社会公益 + 开物 Satori— 非物质文化遗产商业化传承与全球传播平台	https://forum.trae.cn/t/topic/167532
知白映川	道体·玄盾 — 活着的AI防火墙	https://forum.trae.cn/t/topic/116692
凪音澪	【生活娱乐赛道】你的爱播出道啦！——虚拟主播一站式赛博励志孵化器	https://forum.trae.cn/t/topic/28810
